{
  "nodes": [
    "V0",
    "V1",
    "V2",
    "V3",
    "V4",
    "V5",
    "V6",
    "V7",
    "V8",
    "V9",
    "V10",
    "V11",
    "V12",
    "V13",
    "V14",
    "V15",
    "V16",
    "V17",
    "V18",
    "V19"
  ],
  "edges": [
    [
      "V0",
      "V7"
    ],
    [
      "V0",
      "V9"
    ],
    [
      "V0",
      "V10"
    ],
    [
      "V0",
      "V16"
    ],
    [
      "V0",
      "V5"
    ],
    [
      "V1",
      "V16"
    ],
    [
      "V2",
      "V6"
    ],
    [
      "V2",
      "V8"
    ],
    [
      "V2",
      "V18"
    ],
    [
      "V4",
      "V9"
    ],
    [
      "V4",
      "V8"
    ],
    [
      "V4",
      "V7"
    ],
    [
      "V4",
      "V18"
    ],
    [
      "V5",
      "V14"
    ],
    [
      "V6",
      "V14"
    ],
    [
      "V7",
      "V17"
    ],
    [
      "V7",
      "V3"
    ],
    [
      "V7",
      "V11"
    ],
    [
      "V7",
      "V19"
    ],
    [
      "V8",
      "V17"
    ],
    [
      "V8",
      "V3"
    ],
    [
      "V9",
      "V19"
    ],
    [
      "V9",
      "V3"
    ],
    [
      "V10",
      "V19"
    ],
    [
      "V10",
      "V13"
    ],
    [
      "V10",
      "V1"
    ],
    [
      "V10",
      "V4"
    ],
    [
      "V10",
      "V6"
    ],
    [
      "V11",
      "V5"
    ],
    [
      "V11",
      "V3"
    ],
    [
      "V12",
      "V7"
    ],
    [
      "V12",
      "V14"
    ],
    [
      "V12",
      "V3"
    ],
    [
      "V12",
      "V18"
    ],
    [
      "V13",
      "V7"
    ],
    [
      "V13",
      "V19"
    ],
    [
      "V13",
      "V14"
    ],
    [
      "V13",
      "V11"
    ],
    [
      "V15",
      "V6"
    ],
    [
      "V15",
      "V14"
    ],
    [
      "V15",
      "V8"
    ],
    [
      "V15",
      "V19"
    ],
    [
      "V15",
      "V9"
    ],
    [
      "V15",
      "V1"
    ],
    [
      "V15",
      "V17"
    ],
    [
      "V16",
      "V5"
    ],
    [
      "V16",
      "V14"
    ],
    [
      "V17",
      "V5"
    ],
    [
      "V17",
      "V18"
    ],
    [
      "V17",
      "V14"
    ],
    [
      "V18",
      "V14"
    ],
    [
      "V19",
      "V17"
    ]
  ],
  "beta": {
    "V0->V7": 0.18905338179353307,
    "V0->V9": -0.5227484414807474,
    "V0->V10": -0.41306354339189344,
    "V0->V16": -2.4414673826398556,
    "V0->V5": 1.799707382720902,
    "V1->V16": 1.1441658720372287,
    "V2->V6": -0.32542283686782436,
    "V2->V8": 0.7738065867276614,
    "V2->V18": 0.28121066979764925,
    "V4->V9": -0.5538228364240524,
    "V4->V8": 0.9775674511260357,
    "V4->V7": -0.31055654665915255,
    "V4->V18": -0.3288239040579627,
    "V5->V14": -0.7921467553588982,
    "V6->V14": 0.45495807124085547,
    "V7->V17": -0.09919805171738795,
    "V7->V3": 0.5452887139646817,
    "V7->V11": -0.6071856998706371,
    "V7->V19": 0.12682784711186987,
    "V8->V17": -0.8922740434297903,
    "V8->V3": 0.8414649723701431,
    "V9->V19": 0.18803508698068597,
    "V9->V3": 0.33057100813532614,
    "V10->V19": 0.41050391297026284,
    "V10->V13": -1.0107575001533344,
    "V10->V1": 0.7831809961440773,
    "V10->V4": 2.0567028183423686,
    "V10->V6": -1.6384425032355252,
    "V11->V5": -1.7294114671544816,
    "V11->V3": -1.50483141386432,
    "V12->V7": 0.8414588934539998,
    "V12->V14": 0.12871565747406846,
    "V12->V3": 1.078342440739298,
    "V12->V18": 0.722430872307499,
    "V13->V7": 0.21057181237528058,
    "V13->V19": 0.28403814525037085,
    "V13->V14": -0.16976049772313542,
    "V13->V11": 0.8684602112115102,
    "V15->V6": -1.1297159617807548,
    "V15->V14": -0.4218588261783162,
    "V15->V8": 0.2429388530987352,
    "V15->V19": 1.8014208584493328,
    "V15->V9": -0.7644641157203993,
    "V15->V1": -1.0790604591369424,
    "V15->V17": -0.5632871985040379,
    "V16->V5": 0.9692722011381628,
    "V16->V14": -0.23500550689182578,
    "V17->V5": 1.324347019236957,
    "V17->V18": -1.872529517606024,
    "V17->V14": 1.128523141900478,
    "V18->V14": 1.0348662399295387,
    "V19->V17": -1.4186656898014849
  },
  "sigma2": {
    "V0": 0.9181873176745405,
    "V1": 0.8681465637538237,
    "V2": 0.5080761075846533,
    "V3": 0.9789430157641783,
    "V4": 0.6736496088626918,
    "V5": 0.8127066513722385,
    "V6": 0.5257554867836856,
    "V7": 0.35693592957461756,
    "V8": 0.3374216120654676,
    "V9": 0.34496498098478945,
    "V10": 0.683044413809951,
    "V11": 0.29010628408905464,
    "V12": 0.21592859906993722,
    "V13": 0.8663975713507364,
    "V14": 0.27952889434611267,
    "V15": 0.5604676284414097,
    "V16": 0.5907988584671755,
    "V17": 0.6962179267068499,
    "V18": 0.6032115859212773,
    "V19": 0.9498745149831744
  }
}